Obs,Place,State,Gender,Age,Age2,AgeGrp,Year,Seed,Time,Diff,Split-1,Split-2,Split-3,Split-4,Split-5,Split-6,Split-7,Split-8,Split-9,Split-10
1,1,MO,0,53,2809,1,2009,391.66,366.25,-25.41,32.16,35.42,36.70,37.59,38.05,37.69,37.80,38.51,37.79,34.54
2,2,WV,0,52,2704,1,2009,404.60,368.92,-35.68,32.89,35.10,36.66,37.19,38.34,38.17,38.23,38.39,37.71,36.24
3,3,KY,0,51,2601,1,2009,432.23,377.13,-55.10,33.03,36.32,36.95,37.58,38.05,38.75,39.11,39.70,39.01,38.63
4,4,KY,0,53,2809,1,2009,385.50,381.30,-4.20,32.12,36.36,38.29,38.98,38.91,39.23,39.55,40.22,39.35,38.29
5,5,KY,0,53,2809,1,2009,476.11,407.65,-68.46,36.67,39.21,40.31,41.28,41.69,42.83,42.50,41.90,41.29,39.97
6,6,GA,0,54,2916,1,2009,418.00,412.43,-5.57,34.80,38.45,41.03,41.62,41.56,42.22,42.14,48.29,42.73,39.59
7,7,MD,0,52,2704,1,2009,451.31,453.76,2.45,34.42,40.06,45.77,48.05,48.44,47.79,48.62,47.74,48.07,44.80
8,8,OK,0,53,2809,1,2009,520.79,532.18,11.39,50.42,51.04,53.76,55.22,53.29,53.11,53.07,53.83,52.46,55.98
9,1,WA,0,57,3249,2,2009,323.32,301.88,-21.44,28.75,30.90,31.19,30.97,30.78,30.44,29.90,29.79,30.05,29.11
10,2,CA,0,59,3481,2,2009,332.57,317.16,-15.41,28.90,30.75,31.24,31.42,31.52,31.75,32.01,32.94,33.56,33.07
11,3,TN,0,55,3025,2,2009,351.20,335.12,-16.08,29.15,31.18,32.40,33.26,33.99,34.29,35.06,35.43,35.14,35.22
12,4,CA,0,57,3249,2,2009,363.43,338.67,-24.76,30.48,33.16,34.37,34.75,34.37,34.84,34.89,35.10,34.65,32.06
13,5,CO,0,55,3025,2,2009,390.80,368.92,-21.88,31.43,35.44,36.89,37.54,38.06,37.98,38.20,38.93,38.18,36.27
14,6,KY,0,59,3481,2,2009,442.74,371.50,-71.24,31.23,36.50,38.11,38.41,38.30,37.95,37.78,38.88,38.26,36.08
15,7,TX,0,59,3481,2,2009,456.86,438.68,-18.18,36.88,42.55,44.13,46.07,45.56,45.67,46.02,45.02,45.40,41.38
16,8,CA,0,59,3481,2,2009,491.90,464.72,-27.18,37.51,45.38,47.39,47.95,47.86,48.34,48.75,48.70,48.38,44.46
17,9,OH,0,59,3481,2,2009,533.10,484.96,-48.14,40.79,46.02,49.21,48.66,51.97,51.55,52.37,51.98,49.64,42.77
18,10,WI,0,58,3364,2,2009,535.10,511.26,-23.84,43.66,49.64,51.91,52.20,53.45,53.22,53.49,52.95,52.34,48.40
19,11,TX,0,58,3364,2,2009,561.40,627.25,65.85,50.49,59.49,62.42,64.51,66.27,67.62,67.22,65.64,66.59,57.00
20,1,WA,0,60,3600,3,2009,349.98,329.04,-20.94,28.97,31.46,32.33,32.77,33.96,33.92,34.12,34.27,34.44,32.80
21,2,CA,0,63,3969,3,2009,402.63,375.18,-27.45,32.45,36.11,36.73,38.06,38.73,38.63,39.00,39.06,38.71,37.70
22,3,CO,0,61,3721,3,2009,376.00,377.64,1.64,33.87,37.29,38.86,39.28,37.62,37.91,39.14,39.03,38.03,36.61
23,4,FL,0,60,3600,3,2009,379.80,379.41,-0.39,34.00,37.42,37.88,39.14,38.26,38.89,38.78,38.80,38.60,37.64
24,5,CA,0,62,3844,3,2009,412.00,383.62,-28.38,31.67,36.06,37.72,39.21,40.50,40.19,40.25,40.62,40.08,37.32
25,6,NC,0,64,4096,3,2009,402.80,385.90,-16.90,32.07,35.17,37.49,38.53,39.37,40.44,40.00,41.30,41.09,40.44
26,7,KY,0,62,3844,3,2009,423.80,400.99,-22.81,34.91,38.39,40.63,41.45,41.08,42.22,41.57,41.23,40.37,39.14
27,8,TX,0,63,3969,3,2009,429.90,406.01,-23.89,35.15,38.39,39.70,41.87,41.83,42.44,42.06,42.54,42.14,39.89
28,9,IL,0,63,3969,3,2009,423.40,411.41,-11.99,32.50,38.36,40.29,41.65,43.25,42.41,43.39,44.33,43.49,41.74
29,10,MD,0,63,3969,3,2009,433.20,450.63,17.43,39.03,44.68,46.59,47.48,46.85,46.24,45.93,45.17,44.93,43.73
30,11,UT,0,61,3721,3,2009,446.40,455.42,9.02,40.44,44.23,46.47,46.70,46.56,46.98,46.88,46.72,46.18,44.26
31,12,CA,0,62,3844,3,2009,469.10,456.62,-12.48,39.44,41.48,43.44,45.57,46.84,46.83,48.58,49.76,48.58,46.10
32,13,NC,0,62,3844,3,2009,479.80,472.75,-7.05,39.09,42.89,45.03,47.28,48.16,49.19,49.84,50.82,51.30,49.15
33,14,OH,0,62,3844,3,2009,510.70,484.36,-26.34,41.74,47.83,49.69,49.27,49.81,49.51,49.44,49.69,49.79,47.59
34,15,NM,0,63,3969,3,2009,540.44,519.09,-21.35,39.61,53.28,53.28,53.28,53.28,53.28,53.28,53.28,53.28,53.28
35,1,CA,0,67,4489,4,2009,378.01,374.18,-3.83,34.85,36.70,37.20,37.69,37.75,37.90,38.26,38.55,38.63,36.65
36,2,CA,0,69,4761,4,2009,401.03,399.65,-1.38,34.33,38.03,39.96,39.96,39.96,41.44,41.44,41.47,41.82,41.24
37,3,TX,0,66,4356,4,2009,450.30,413.16,-37.14,35.68,38.30,41.04,43.19,42.63,42.31,43.41,43.02,42.21,41.37
38,4,CA,0,69,4761,4,2009,437.30,438.23,0.93,38.14,41.93,42.68,42.14,43.60,44.97,46.36,45.56,46.84,46.01
39,5,TN,0,65,4225,4,2009,460.94,446.82,-14.12,36.76,43.29,44.63,45.23,44.64,45.91,46.25,47.60,47.62,44.89
40,6,WA,0,68,4624,4,2009,483.44,452.25,-31.19,38.38,42.88,45.39,47.04,46.72,46.62,47.50,47.62,46.14,43.96
41,7,PA,0,66,4356,4,2009,462.80,459.89,-2.91,40.52,43.10,45.41,46.89,46.86,48.11,46.90,48.40,49.34,44.36
42,8,NC,0,69,4761,4,2009,471.60,463.38,-8.22,37.18,41.89,44.09,45.55,47.18,48.29,49.41,49.69,50.32,49.78
43,9,MA,0,69,4761,4,2009,480.50,471.73,-8.77,43.40,44.57,47.55,48.21,49.50,48.58,49.07,48.72,47.87,44.26
44,10,MD,0,65,4225,4,2009,502.12,494.05,-8.07,44.79,48.60,51.04,51.89,51.08,51.40,51.19,49.78,48.72,45.56
45,11,CA,0,68,4624,4,2009,524.91,518.64,-6.27,47.25,52.63,52.40,52.54,52.82,52.39,52.13,52.79,53.76,49.93
46,12,MI,0,67,4489,4,2009,510.90,542.11,31.21,40.17,47.32,51.57,54.37,55.19,56.43,57.91,59.08,60.69,59.38
47,13,VA,0,67,4489,4,2009,697.80,639.64,-58.16,43.12,60.50,65.44,66.58,67.62,67.53,67.44,68.39,69.35,63.67
48,1,TN,0,74,5476,5,2009,426.10,408.52,-17.58,36.45,39.87,41.40,43.62,43.16,42.31,41.77,41.51,40.95,37.48
49,2,CO,0,72,5184,5,2009,452.50,428.10,-24.40,37.35,41.41,43.74,44.73,44.24,43.92,43.93,43.54,43.80,41.44
50,3,NH,0,71,5041,5,2009,463.90,436.38,-27.52,38.77,42.08,43.95,44.70,45.04,46.01,45.55,45.01,44.43,40.84
51,4,CA,0,72,5184,5,2009,467.43,439.37,-28.06,38.74,44.47,45.45,45.76,45.81,45.34,45.82,44.23,43.28,40.47
52,5,OH,0,70,4900,5,2009,501.90,452.41,-49.49,38.90,44.04,45.67,46.86,47.45,47.15,47.70,46.48,45.01,43.15
53,6,CA,0,74,5476,5,2009,446.97,453.35,6.38,40.20,43.61,45.36,46.14,46.46,46.36,46.41,47.08,46.18,45.55
54,7,CA,0,71,5041,5,2009,510.77,470.82,-39.95,41.00,45.58,48.17,48.76,48.01,48.08,48.12,49.10,49.55,44.45
55,8,TX,0,72,5184,5,2009,471.60,473.69,2.09,37.24,44.04,47.70,49.37,49.93,51.30,50.17,49.47,48.98,45.49
56,9,TX,0,74,5476,5,2009,498.80,504.70,5.90,41.74,48.33,48.33,50.58,52.05,53.01,53.45,52.11,52.74,52.36
57,10,HI,0,74,5476,5,2009,535.90,508.50,-27.40,44.21,49.30,51.56,51.43,52.15,52.35,52.67,51.57,52.08,51.18
58,11,DC,0,71,5041,5,2009,494.40,517.31,22.91,38.09,43.71,47.15,48.98,51.71,54.24,57.15,57.29,59.26,59.73
59,12,VA,0,70,4900,5,2009,540.45,521.40,-19.05,43.63,51.58,54.13,53.45,54.52,53.49,53.68,55.30,53.04,48.58
60,13,TX,0,73,5329,5,2009,507.60,526.09,18.49,43.63,51.93,54.31,54.67,54.65,54.23,54.25,53.66,52.93,51.83
61,14,TN,0,70,4900,5,2009,542.80,573.14,30.34,54.68,54.72,58.33,60.01,58.65,57.61,58.30,57.80,56.52,56.52
62,15,CA,0,72,5184,5,2009,683.89,581.32,-102.57,49.90,57.47,61.47,61.43,60.79,57.41,61.90,57.99,60.31,52.65
63,16,NJ,0,73,5329,5,2009,585.20,596.27,11.07,49.22,57.93,61.16,61.34,61.32,61.88,65.34,62.73,61.69,53.66
64,17,CA,0,72,5184,5,2009,642.97,634.06,-8.91,56.35,64.96,68.50,67.34,67.83,67.39,66.33,62.65,59.13,53.58
65,18,TX,0,72,5184,5,2009,814.85,645.30,-169.55,52.05,62.16,63.05,65.86,68.33,67.94,68.48,67.13,67.39,62.91
66,19,GA,0,71,5041,5,2009,761.00,761.74,0.74,56.28,77.99,83.33,82.65,84.10,79.84,81.81,81.36,82.03,52.35
67,1,TX,0,78,6084,6,2009,438.21,393.57,-44.64,35.06,38.60,40.17,40.84,40.88,40.14,40.31,39.91,40.39,37.27
68,2,CA,0,75,5625,6,2009,457.90,458.95,1.05,39.30,45.38,47.05,48.68,47.67,47.49,46.79,46.97,45.76,43.86
69,3,CA,0,76,5776,6,2009,492.50,485.62,-6.88,39.63,48.26,49.73,50.16,50.63,50.60,50.32,51.46,48.79,46.04
70,4,MT,0,76,5776,6,2009,543.78,494.47,-49.31,40.57,46.05,48.68,49.47,49.86,50.99,51.23,52.58,52.84,52.20
71,5,TX,0,75,5625,6,2009,523.10,506.77,-16.33,42.83,47.25,50.59,52.52,52.22,52.55,53.06,52.67,53.17,49.91
72,6,WI,0,79,6241,6,2009,550.10,536.85,-13.25,44.71,51.38,53.89,55.90,56.88,56.48,54.54,55.56,54.51,53.00
73,7,NC,0,77,5929,6,2009,548.20,547.99,-0.21,47.79,52.20,53.78,55.90,56.58,58.19,57.09,56.88,57.32,52.26
74,8,VA,0,76,5776,6,2009,570.58,559.15,-11.43,50.14,55.52,56.95,57.22,57.39,58.94,56.30,57.57,56.56,52.56
75,9,WA,0,76,5776,6,2009,584.30,561.09,-23.21,51.70,59.70,58.92,57.96,58.75,57.03,56.94,54.40,55.78,49.91
76,10,PA,0,75,5625,6,2009,570.80,566.69,-4.11,46.79,53.57,57.53,58.89,59.87,60.11,59.04,58.72,59.16,53.01
77,11,CA,0,78,6084,6,2009,629.71,590.69,-39.02,50.30,58.96,62.35,61.95,61.53,61.57,59.89,58.85,58.20,57.09
78,12,CA,0,78,6084,6,2009,635.77,633.27,-2.50,55.27,62.02,66.61,65.06,65.29,66.19,65.15,64.56,62.47,60.65
79,13,CA,0,75,5625,6,2009,562.50,641.75,79.25,43.90,52.99,56.15,58.43,59.37,58.87,56.66,55.42,99.98,99.98
80,14,IN,0,75,5625,6,2009,881.50,837.61,-43.89,57.32,72.92,82.72,91.06,90.12,90.12,94.33,105.64,70.37,83.02
81,1,NM,0,81,6561,7,2009,565.67,563.46,-2.21,45.53,54.30,59.25,58.73,59.40,58.29,59.44,57.64,56.93,53.95
82,2,CA,0,81,6561,7,2009,664.91,627.73,-37.18,57.26,63.75,65.14,64.68,63.76,63.46,62.10,62.81,64.11,60.66
83,3,IN,0,81,6561,7,2009,707.50,735.62,28.12,56.65,65.12,68.97,73.70,77.09,77.22,78.70,80.81,81.12,76.24
84,1,CA,0,86,7396,8,2009,513.69,501.71,-11.98,44.28,49.47,51.00,50.95,51.45,51.67,52.05,51.10,51.54,48.20
85,2,SC,0,88,7744,8,2009,658.88,700.27,41.39,59.37,68.67,69.13,71.50,71.34,71.74,72.18,73.87,72.12,70.35
86,3,OH,0,85,7225,8,2009,795.30,789.29,-6.01,70.43,70.43,78.55,77.79,81.22,80.38,81.77,85.25,82.88,80.59
87,4,FL,0,87,7569,8,2009,1021.20,883.70,-137.50,83.91,83.91,88.79,95.59,89.68,89.68,90.09,90.09,88.24,83.71
89,6,TN,0,86,7396,8,2009,1074.70,1027.22,-47.48,97.59,97.59,105.31,105.31,102.58,112.49,97.46,107.94,102.57,98.39
90,1,KY,1,51,2601,1,2009,446.29,371.20,-75.09,32.62,36.32,36.99,37.61,38.00,38.32,38.92,38.85,38.26,35.31
91,2,MD,1,52,2704,1,2009,390.56,372.28,-18.28,31.60,34.99,37.22,37.87,37.84,38.15,38.38,39.04,39.02,38.17
92,3,TN,1,50,2500,1,2009,391.20,380.10,-11.10,31.72,34.55,37.23,38.77,38.90,39.75,40.67,39.96,40.61,37.94
93,4,CA,1,53,2809,1,2009,411.72,383.80,-27.92,34.76,36.96,37.44,38.35,38.88,39.49,39.98,39.85,39.81,38.28
94,5,CA,1,51,2601,1,2009,393.26,389.55,-3.71,32.86,37.19,38.82,39.44,40.96,40.05,40.59,40.98,40.44,38.22
95,6,UT,1,53,2809,1,2009,432.17,411.08,-21.09,35.15,38.26,41.07,41.65,42.72,42.25,42.56,42.53,42.77,42.12
97,9,FL,1,53,2809,1,2009,468.60,465.34,-3.26,39.29,44.30,47.20,49.47,47.94,48.09,48.96,48.96,48.22,42.91
98,10,PA,1,51,2601,1,2009,495.70,493.69,-2.01,41.71,46.75,49.07,50.11,50.75,51.25,51.37,52.12,51.39,49.17
99,11,WI,1,52,2704,1,2009,528.40,505.74,-22.66,41.33,47.49,49.95,52.18,52.78,52.84,52.55,54.21,52.52,49.89
100,12,NH,1,54,2916,1,2009,544.60,532.37,-12.23,46.19,52.65,54.31,55.31,54.46,55.40,55.27,55.34,53.85,49.59
101,13,WA,1,54,2916,1,2009,576.24,592.17,15.93,46.84,57.12,62.47,62.05,59.91,63.11,60.81,60.85,59.51,59.51
102,14,DC,1,51,2601,1,2009,763.60,684.51,-79.09,55.45,67.15,69.86,70.88,71.42,73.74,68.03,71.35,72.44,64.19
103,1,CA,1,56,3136,2,2009,402.69,390.58,-12.11,31.37,36.07,38.41,40.35,41.03,41.75,41.21,41.02,40.89,38.48
104,2,CA,1,55,3025,2,2009,464.11,402.31,-61.80,37.89,39.95,40.42,40.55,40.36,40.45,41.21,40.93,40.99,39.56
105,3,SC,1,56,3136,2,2009,426.50,419.74,-6.76,35.27,39.93,41.08,41.71,42.60,43.22,43.97,44.46,44.38,43.12
106,4,NM,1,59,3481,2,2009,462.27,424.06,-38.21,35.18,40.17,42.54,43.27,43.90,43.79,44.19,43.92,44.50,42.60
107,5,MO,1,55,3025,2,2009,448.20,440.63,-7.57,37.48,43.34,45.08,46.21,45.82,44.78,45.03,45.40,44.60,42.89
108,6,KY,1,55,3025,2,2009,468.70,443.10,-25.60,40.33,44.23,45.66,45.67,45.16,45.30,44.85,44.84,44.23,42.83
109,7,TX,1,56,3136,2,2009,489.65,449.47,-40.18,39.34,43.24,45.29,45.89,45.66,45.87,46.15,46.71,46.86,44.46
110,8,TX,1,56,3136,2,2009,445.80,450.52,4.72,38.01,42.58,45.18,46.02,47.01,46.45,47.03,46.82,46.90,44.52
111,9,CA,1,56,3136,2,2009,476.80,457.81,-18.99,41.14,44.72,45.70,46.80,46.54,47.04,47.67,47.33,46.79,44.08
112,10,MD,1,56,3136,2,2009,467.89,478.93,11.04,40.51,44.15,46.79,48.17,48.67,50.17,50.37,50.41,51.19,48.50
113,11,WA,1,56,3136,2,2009,552.80,483.02,-69.78,45.38,48.16,49.41,50.24,49.50,50.32,49.10,48.74,47.60,44.57
114,12,TX,1,57,3249,2,2009,508.10,491.19,-16.91,42.11,46.51,48.49,49.55,50.26,50.79,51.66,52.07,51.62,48.13
115,13,MN,1,56,3136,2,2009,529.50,499.21,-30.29,46.92,50.13,50.05,50.42,50.12,50.84,50.51,51.38,51.13,47.71
116,14,FL,1,58,3364,2,2009,493.80,507.30,13.50,44.94,48.68,51.58,52.46,52.11,51.85,51.39,52.23,51.19,50.87
117,15,VA,1,56,3136,2,2009,550.70,519.74,-30.96,45.32,51.46,52.83,52.70,53.00,52.78,53.07,53.87,53.87,50.85
118,16,MI,1,55,3025,2,2009,512.00,530.99,18.99,48.75,52.46,53.93,55.35,55.30,54.01,53.78,54.51,53.41,49.49
119,17,CA,1,58,3364,2,2009,546.40,532.96,-13.44,46.19,51.75,54.26,54.53,54.72,54.54,54.62,54.41,54.86,53.08
120,18,AZ,1,55,3025,2,2009,553.60,537.65,-15.95,43.63,51.70,53.55,55.61,55.32,56.18,56.20,57.45,55.47,52.54
121,19,TX,1,55,3025,2,2009,568.38,540.50,-27.88,45.72,52.49,54.18,54.78,56.62,55.85,56.20,55.25,55.23,54.18
122,20,OH,1,59,3481,2,2009,577.00,567.03,-9.97,47.02,55.74,57.29,59.48,58.73,58.32,58.05,60.09,57.65,54.66
123,21,PA,1,55,3025,2,2009,626.80,626.85,0.05,45.80,59.73,62.08,63.97,66.45,67.55,67.27,67.68,66.61,59.71
124,22,DC,1,57,3249,2,2009,701.00,646.73,-54.27,60.43,66.34,66.09,64.55,65.37,65.10,66.07,66.13,65.60,61.05
125,23,GA,1,56,3136,2,2009,801.00,857.07,56.07,60.61,79.27,94.14,92.66,90.96,89.73,89.55,89.55,88.27,82.33
126,1,IL,1,62,3844,3,2009,469.30,442.23,-27.07,41.00,43.45,44.36,44.74,45.73,45.70,45.12,44.80,44.83,42.50
127,2,CA,1,60,3600,3,2009,470.40,452.36,-18.04,41.03,45.39,46.46,46.67,45.74,45.55,45.63,45.89,45.69,44.31
128,3,HI,1,64,4096,3,2009,467.90,464.77,-3.13,39.62,44.56,46.24,47.19,48.10,48.17,48.18,48.89,48.60,45.22
129,4,MA,1,62,3844,3,2009,512.11,474.24,-37.87,42.12,45.49,48.17,49.28,48.56,49.08,48.25,49.55,49.10,44.64
130,5,NY,1,61,3721,3,2009,513.70,494.49,-19.21,45.66,50.06,49.46,50.46,49.17,50.15,50.00,51.04,50.04,48.45
131,6,CA,1,63,3969,3,2009,557.26,509.65,-47.61,49.06,49.06,52.38,52.38,52.38,52.38,52.38,52.38,51.21,46.06
132,7,CA,1,60,3600,3,2009,533.94,514.59,-19.35,46.96,50.83,53.09,53.57,53.41,53.17,51.71,52.40,51.18,48.27
133,8,AZ,1,63,3969,3,2009,525.70,519.72,-5.98,46.09,52.34,54.26,53.38,53.29,51.94,52.45,52.68,52.91,50.38
134,9,OH,1,60,3600,3,2009,511.90,533.35,21.45,46.02,49.59,55.13,54.73,55.14,55.59,55.59,55.59,55.59,50.37
135,10,DC,1,61,3721,3,2009,542.00,542.01,0.01,47.44,55.01,54.58,56.78,55.75,55.25,55.25,54.98,54.57,52.40
136,11,CA,1,64,4096,3,2009,564.23,543.47,-20.76,49.18,52.34,54.26,55.60,56.09,55.90,57.41,56.42,54.92,51.35
137,12,NM,1,63,3969,3,2009,541.92,544.00,2.08,45.73,51.38,52.85,55.68,54.91,57.25,57.25,57.46,57.90,53.60
138,13,TN,1,61,3721,3,2009,612.50,584.59,-27.91,47.51,55.42,59.98,60.11,60.08,60.09,61.63,60.62,60.84,58.31
139,14,LA,1,64,4096,3,2009,663.00,594.69,-68.31,54.49,61.67,61.63,61.81,61.25,61.07,59.40,59.76,58.61,55.00
140,15,FL,1,62,3844,3,2009,592.00,619.73,27.73,52.09,60.92,61.52,64.15,64.30,65.86,63.01,63.62,63.62,60.65
141,16,NC,1,63,3969,3,2009,618.50,656.24,37.74,54.13,63.52,67.35,68.01,69.21,67.94,67.86,67.75,65.74,64.73
142,17,WV,1,62,3844,3,2009,720.60,675.62,-44.98,47.29,60.03,67.30,70.36,71.73,75.34,72.46,72.92,75.65,62.54
143,18,VA,1,61,3721,3,2009,698.83,769.43,70.60,69.17,78.54,80.07,80.89,78.15,76.62,77.04,76.98,77.47,74.50
144,19,NC,1,62,3844,3,2009,790.00,898.68,108.68,75.50,91.29,84.09,91.47,93.24,90.19,95.78,94.22,94.22,88.68
145,1,TX,1,68,4624,4,2009,465.15,460.52,-4.63,39.99,43.98,45.71,47.61,47.98,48.14,47.70,48.17,47.30,43.94
146,2,MT,1,66,4356,4,2009,561.76,504.51,-57.25,43.67,50.62,51.61,52.60,52.18,51.92,51.65,51.48,51.10,47.68
147,3,TX,1,67,4489,4,2009,568.60,505.04,-63.56,43.97,48.50,52.15,52.06,51.88,52.05,52.13,52.09,52.22,47.99
148,4,MD,1,65,4225,4,2009,549.36,523.98,-25.38,46.26,52.92,54.17,53.67,54.15,53.94,53.36,53.44,51.40,50.67
149,5,CA,1,66,4356,4,2009,548.80,533.84,-14.96,49.57,52.16,55.06,53.87,54.18,53.99,54.42,53.99,54.13,52.47
150,6,CA,1,67,4489,4,2009,547.10,534.09,-13.01,48.56,51.92,53.29,54.31,54.51,54.53,54.65,54.70,54.64,52.98
151,7,FL,1,68,4624,4,2009,589.40,578.52,-10.88,51.17,56.81,58.88,63.06,57.63,58.60,59.05,58.42,58.22,56.68
152,8,FL,1,68,4624,4,2009,587.00,594.92,7.92,49.30,57.19,61.37,60.91,62.26,60.94,62.40,61.30,60.65,58.60
153,9,WA,1,66,4356,4,2009,614.60,612.30,-2.30,54.53,60.89,62.90,62.32,61.76,63.15,63.21,62.81,62.59,58.14
154,10,OH,1,67,4489,4,2009,628.70,640.75,12.05,56.75,60.83,63.38,64.46,64.77,64.77,66.51,67.39,67.39,64.51
155,11,FL,1,65,4225,4,2009,591.20,654.09,62.89,47.74,57.25,69.20,70.47,69.90,70.62,70.62,69.59,69.71,59.00
156,12,NH,1,66,4356,4,2009,787.20,727.47,-59.73,66.54,70.99,73.05,76.71,75.11,74.55,76.02,75.56,73.38,65.56
157,13,GA,1,68,4624,4,2009,776.00,770.17,-5.83,68.12,79.25,79.22,78.53,77.99,79.39,79.24,78.91,78.40,71.12
158,14,WA,1,67,4489,4,2009,787.73,800.99,13.26,78.02,78.02,78.02,81.54,93.13,75.95,77.26,86.69,81.91,70.46
159,15,NH,1,69,4761,4,2009,825.10,802.17,-22.93,75.95,75.95,76.83,81.70,84.39,84.39,80.62,83.14,81.58,77.62
160,16,CA,1,66,4356,4,2009,859.54,865.20,5.66,73.40,85.10,87.82,88.91,90.43,87.58,90.88,89.17,90.62,81.29
161,1,HI,1,70,4900,5,2009,487.09,455.18,-31.91,41.09,44.84,46.20,46.65,47.02,46.60,46.88,46.26,45.77,43.87
162,2,AZ,1,70,4900,5,2009,506.60,476.73,-29.87,41.60,46.73,47.46,46.44,49.12,49.73,49.44,49.36,49.86,46.99
163,3,WA,1,74,5476,5,2009,568.55,553.26,-15.29,45.95,53.14,55.53,56.89,57.63,57.63,57.63,57.63,57.63,53.58
164,4,GA,1,70,4900,5,2009,560.00,554.18,-5.82,48.88,52.41,57.87,56.91,56.49,56.30,56.27,57.70,55.68,55.68
165,5,NC,1,70,4900,5,2009,583.00,567.95,-15.05,46.09,55.38,56.63,59.57,60.22,59.05,58.77,58.82,56.71,56.71
166,6,NM,1,73,5329,5,2009,640.53,619.58,-20.95,51.95,61.57,64.23,62.42,64.33,62.19,62.47,63.72,64.02,62.68
167,7,DC,1,70,4900,5,2009,655.00,619.65,-35.35,52.64,62.24,62.90,64.70,63.31,62.40,64.00,63.99,63.12,60.35
168,8,CA,1,70,4900,5,2009,641.17,631.16,-10.01,57.32,63.20,62.87,63.68,64.60,63.91,64.60,63.18,64.78,63.02
169,9,TN,1,71,5041,5,2009,698.80,674.60,-24.20,53.90,65.78,69.34,68.55,69.12,69.44,69.93,70.14,70.28,68.12
170,10,DC,1,70,4900,5,2009,702.10,721.43,19.33,62.50,72.67,73.13,73.92,76.21,73.75,75.56,74.75,71.78,67.16
171,11,DC,1,72,5184,5,2009,897.60,814.21,-83.39,71.68,82.24,81.72,84.81,83.19,86.37,81.80,83.79,83.79,74.82
172,12,IA,1,73,5329,5,2009,803.40,823.63,20.23,66.38,76.55,83.04,82.63,90.11,86.20,88.36,89.89,85.40,75.07
173,13,AR,1,71,5041,5,2009,869.59,869.46,-0.13,76.64,89.20,89.41,87.48,90.63,87.52,85.01,88.44,89.03,86.10
174,14,OH,1,73,5329,5,2009,1141.70,1137.50,-4.20,105.21,105.21,105.21,117.24,117.24,120.17,116.81,116.81,116.81,116.81
175,1,HI,1,75,5625,6,2009,497.30,487.10,-10.20,44.43,48.55,49.51,49.87,50.00,49.60,49.48,49.48,49.48,46.69
176,2,CA,1,76,5776,6,2009,581.26,530.14,-51.12,46.15,52.20,54.63,54.66,54.18,55.50,54.79,54.61,53.69,49.73
177,3,GA,1,75,5625,6,2009,598.00,570.75,-27.25,51.88,56.93,57.04,59.96,56.18,58.31,61.13,58.07,57.13,54.12
178,4,IL,1,78,6084,6,2009,642.10,594.83,-47.27,54.25,59.52,61.34,62.72,61.14,61.64,60.94,59.51,59.39,54.38
179,5,NM,1,75,5625,6,2009,691.05,666.57,-24.48,56.16,65.69,68.38,69.35,68.73,70.13,68.80,69.40,68.18,61.75
180,6,SC,1,78,6084,6,2009,647.90,670.21,22.31,56.33,64.62,69.59,69.82,69.32,70.10,68.86,69.65,67.30,64.62
181,7,IL,1,76,5776,6,2009,695.70,691.45,-4.25,63.26,68.38,71.00,69.78,70.51,71.43,68.82,70.55,70.55,67.18
182,8,DC,1,76,5776,6,2009,760.00,710.23,-49.77,52.53,67.98,73.09,73.34,75.35,75.54,72.95,75.54,71.96,71.96
183,9,CO,1,77,5929,6,2009,732.80,732.99,0.19,64.35,71.81,76.18,76.05,73.94,73.61,74.56,75.69,74.83,71.97
184,10,NM,1,75,5625,6,2009,766.09,759.22,-6.87,73.99,77.00,75.00,76.66,75.00,75.07,77.83,75.92,76.51,76.24
185,11,Mexico,1,76,5776,6,2009,932.75,778.64,-154.11,64.75,76.65,82.18,80.46,80.18,79.00,79.67,79.01,78.28,78.46
186,12,CA,1,76,5776,6,2009,787.54,781.25,-6.29,65.03,75.66,77.83,77.68,80.43,82.66,82.31,79.50,82.25,77.90
187,13,NV,1,76,5776,6,2009,862.10,893.03,30.93,83.76,92.04,88.91,92.69,91.46,89.11,92.15,90.48,93.52,78.91
188,14,DE,1,76,5776,6,2009,965.40,978.16,12.76,70.43,95.52,103.41,105.36,104.71,100.70,105.41,102.58,99.09,90.95
189,1,CA,1,80,6400,7,2009,764.34,719.36,-44.98,61.66,63.74,68.45,71.34,76.33,74.58,76.30,77.30,76.87,72.79
190,2,CO,1,82,6724,7,2009,658.60,751.83,93.23,71.31,71.31,71.31,76.51,76.59,77.94,77.45,77.45,77.45,74.52
191,3,VA,1,81,6561,7,2009,741.03,755.52,14.49,65.40,76.94,78.79,78.68,77.31,75.56,77.31,76.17,76.16,73.20
192,4,MT,1,80,6400,7,2009,849.60,761.30,-88.30,66.56,74.97,80.43,79.71,78.83,81.53,78.15,77.49,75.05,68.58
193,5,IN,1,80,6400,7,2009,970.63,856.20,-114.43,72.76,82.29,85.13,84.56,87.73,87.80,87.35,89.71,91.85,87.02
194,6,FL,1,83,6889,7,2009,816.70,861.13,44.43,81.58,81.58,81.58,88.50,88.50,88.50,88.50,87.95,87.22,87.23
195,7,CA,1,83,6889,7,2009,916.69,893.23,-23.46,80.55,92.93,93.48,90.15,89.13,91.74,90.71,88.28,87.83,88.43
196,8,OH,1,83,6889,7,2009,898.80,913.68,14.88,78.45,88.31,90.70,92.65,94.09,95.06,95.06,95.02,95.02,89.31
197,9,NM,1,81,6561,7,2009,746.30,954.43,208.13,83.26,89.15,92.28,101.79,97.81,100.52,109.25,98.95,95.74,85.68
198,10,VA,1,82,6724,7,2009,1023.63,977.41,-46.22,77.95,96.74,99.47,100.30,100.42,100.95,101.12,100.98,100.01,99.47
199,1,IL,1,90,8100,9,2009,1065.50,955.23,-110.27,74.06,92.28,95.12,96.96,99.53,97.24,99.23,103.79,99.24,97.78
200,1,TN,0,53,2809,1,2011,354.58,350.57,-4.01,32.05,34.60,35.18,35.01,35.24,35.37,36.21,36.47,36.10,34.34
201,2,WA,0,51,2601,1,2011,421.84,366.39,-55.45,32.10,34.96,35.32,36.31,37.90,38.69,38.21,37.92,38.63,36.35
202,3,LA,0,54,2916,1,2011,526.22,491.66,-34.56,42.38,47.93,50.07,50.94,50.86,49.91,49.86,50.69,51.37,47.65
203,4,TN,0,54,2916,1,2011,515.80,496.10,-19.70,46.15,52.64,52.22,51.49,50.02,51.02,49.35,50.53,49.76,42.92
204,5,AR,0,54,2916,1,2011,634.07,656.52,22.45,41.03,48.97,59.09,64.35,68.35,83.09,73.54,73.85,72.28,71.97
205,1,UT,0,55,3025,2,2011,388.78,359.35,-29.43,31.37,34.42,35.68,36.61,37.08,36.99,37.16,37.13,37.15,35.76
206,2,CO,0,58,3364,2,2011,395.73,368.38,-27.35,32.57,36.35,38.29,37.78,38.19,37.49,37.35,37.37,37.62,35.37
207,3,WA,0,55,3025,2,2011,363.20,373.22,10.02,32.07,35.25,37.94,38.79,38.99,38.42,38.77,38.80,39.09,35.10
208,4,FL,0,58,3364,2,2011,383.83,373.85,-9.98,34.95,36.74,37.56,38.62,38.04,38.26,37.89,38.21,37.84,35.74
209,5,OH,0,59,3481,2,2011,399.00,375.08,-23.92,33.04,36.31,37.73,38.35,39.22,38.19,38.76,38.32,38.13,37.03
210,6,NE,0,58,3364,2,2011,409.00,398.43,-10.57,33.31,36.08,38.07,39.44,39.56,40.82,42.30,43.17,43.61,42.07
211,7,MI,0,56,3136,2,2011,450.44,430.55,-19.89,36.62,39.98,43.13,44.76,45.35,45.56,44.86,44.29,43.45,42.55
212,1,WA,0,63,3969,3,2011,346.65,335.98,-10.67,30.36,32.37,34.23,34.57,34.68,34.56,34.39,34.38,34.11,32.33
213,2,TX,0,62,3844,3,2011,390.61,366.42,-24.19,32.93,35.69,36.67,37.58,37.57,37.83,37.05,37.30,37.49,36.31
214,3,KY,0,61,3721,3,2011,418.50,373.35,-45.15,33.08,36.73,37.75,38.51,38.30,39.09,38.36,37.74,38.29,35.50
215,4,CA,0,60,3600,3,2011,391.74,375.64,-16.10,35.59,37.06,37.72,37.68,37.61,38.05,37.92,37.95,38.43,37.63
216,5,CO,0,64,4096,3,2011,391.46,384.30,-7.16,33.48,37.01,39.20,39.38,38.70,39.04,40.48,40.30,38.87,37.84
217,6,LA,0,61,3721,3,2011,436.82,419.28,-17.54,36.55,40.48,42.34,43.37,43.22,43.14,42.92,42.87,42.87,41.53
218,7,CA,0,61,3721,3,2011,417.93,421.17,3.24,34.04,39.25,42.35,45.05,44.52,44.43,44.51,44.07,44.20,38.75
219,8,TX,0,62,3844,3,2011,423.02,434.03,11.01,37.40,40.71,43.63,45.19,45.46,45.34,44.57,45.74,44.84,41.15
220,9,FL,0,62,3844,3,2011,444.90,452.32,7.42,39.48,43.60,46.12,45.47,46.42,46.21,47.08,46.52,48.13,43.29
221,10,TX,0,60,3600,3,2011,436.77,458.36,21.59,37.00,44.25,47.07,47.72,47.20,48.16,48.48,47.88,46.95,43.65
222,11,KY,0,63,3969,3,2011,479.90,464.62,-15.28,39.70,43.83,47.31,48.25,48.00,48.40,48.69,47.97,48.05,44.42
223,12,CA,0,63,3969,3,2011,515.46,488.66,-26.80,43.04,47.73,48.65,50.25,50.54,50.53,50.68,50.76,49.93,46.55
224,13,VA,0,60,3600,3,2011,510.20,495.60,-14.60,38.62,44.74,49.68,50.68,51.21,52.19,53.49,52.52,52.32,50.15
225,14,OH,0,62,3844,3,2011,512.50,504.71,-7.79,41.65,54.00,49.69,52.49,51.97,52.12,53.45,53.27,50.77,45.30
226,15,WI,0,60,3600,3,2011,510.31,533.51,23.20,45.26,51.17,54.01,55.00,55.77,56.27,54.92,55.56,52.78,52.78
227,16,TX,0,60,3600,3,2011,652.76,595.46,-57.30,44.42,53.84,56.52,58.64,59.95,63.10,64.92,67.10,66.23,60.74
228,17,LA,0,64,4096,3,2011,624.08,617.35,-6.73,45.87,56.35,63.59,66.68,65.33,65.10,62.75,64.90,62.85,63.93
229,18,TX,0,63,3969,3,2011,1362.77,1231.38,-131.39,96.14,125.98,124.36,124.08,122.52,123.96,130.45,135.47,138.19,110.23
230,1,UT,0,66,4356,4,2011,407.50,405.14,-2.36,36.68,41.29,41.96,42.04,41.93,41.99,41.55,40.97,40.55,36.18
231,2,KY,0,67,4489,4,2011,422.70,419.28,-3.42,37.39,41.34,41.49,42.93,42.42,43.64,43.31,42.98,42.79,40.99
232,3,IL,0,65,4225,4,2011,443.80,424.60,-19.20,35.24,40.52,42.34,43.24,43.72,44.06,43.83,44.56,44.17,42.92
233,4,TX,0,65,4225,4,2011,541.82,429.25,-112.57,35.02,39.65,42.19,44.62,45.88,45.53,45.61,45.64,44.58,40.53
234,5,TX,0,69,4761,4,2011,433.48,434.06,0.58,38.84,41.67,43.02,43.96,44.70,44.17,45.10,44.92,44.70,42.98
235,6,MD,0,65,4225,4,2011,472.90,444.84,-28.06,38.48,44.46,45.51,46.43,46.47,46.09,45.86,45.92,43.51,42.11
236,7,FL,0,69,4761,4,2011,472.62,483.64,11.02,41.62,47.30,49.08,48.92,49.98,49.36,49.51,50.75,49.58,47.54
237,8,KY,0,65,4225,4,2011,480.10,489.54,9.44,41.74,46.83,49.87,51.44,51.22,51.57,51.26,51.05,50.45,44.11
238,9,MI,0,67,4489,4,2011,561.18,547.50,-13.68,43.20,53.24,59.39,58.78,56.26,56.60,57.26,56.53,56.59,49.65
239,10,CT,0,67,4489,4,2011,543.80,551.44,7.64,45.04,54.46,57.63,57.42,55.43,57.67,57.99,57.30,57.42,51.08
241,12,TX,0,69,4761,4,2011,676.93,662.76,-14.17,58.86,66.84,67.36,67.70,69.53,68.87,68.52,67.29,65.52,62.27
242,13,VA,0,69,4761,4,2011,1213.77,722.42,-491.35,50.97,66.97,73.41,76.48,75.00,77.84,76.95,77.17,75.04,72.59
243,1,FL,0,70,4900,5,2011,374.36,375.75,1.39,34.13,37.33,37.61,37.89,38.10,37.86,38.40,38.30,38.93,37.20
244,2,NC,0,72,5184,5,2011,458.40,445.37,-13.03,40.08,44.03,45.52,45.21,45.90,45.89,45.47,44.85,45.52,42.90
245,3,TX,0,74,5476,5,2011,467.95,480.48,12.53,39.43,46.80,49.98,50.57,50.50,50.28,49.92,48.81,47.87,46.32
246,4,TX,0,70,4900,5,2011,485.03,481.31,-3.72,44.78,47.77,48.89,49.25,48.97,49.00,48.17,49.02,48.26,47.20
247,5,TX,0,71,5041,5,2011,516.63,498.31,-18.32,43.81,49.11,52.21,51.36,51.53,51.74,50.67,51.40,50.49,45.99
248,6,DC,0,71,5041,5,2011,490.00,498.58,8.58,42.81,49.90,53.93,50.88,50.74,51.09,51.09,49.81,49.71,48.62
249,7,OH,0,72,5184,5,2011,524.90,500.96,-23.94,44.21,48.72,51.59,52.69,52.05,52.43,52.87,52.59,48.66,45.15
250,8,MA,0,72,5184,5,2011,485.70,501.38,15.68,46.69,49.19,50.97,51.98,51.68,50.55,50.63,51.57,50.09,48.03
251,9,TN,0,70,4900,5,2011,504.60,516.61,12.01,46.65,51.42,51.50,52.58,51.50,51.79,51.91,52.53,53.64,53.09
252,10,CA,0,70,4900,5,2011,537.99,551.87,13.88,50.05,55.85,56.41,56.57,57.17,56.86,56.43,55.63,55.69,51.21
253,11,LA,0,70,4900,5,2011,589.32,567.89,-21.43,44.53,52.08,57.47,60.65,59.74,58.76,59.07,58.36,60.83,56.40
254,1,OH,0,76,5776,6,2011,464.40,441.04,-23.36,41.17,45.07,45.17,45.09,45.03,44.67,44.59,44.58,43.89,41.78
255,2,TX,0,76,5776,6,2011,526.67,522.36,-4.31,44.12,49.23,51.37,53.10,54.45,54.45,54.43,55.59,52.81,52.81
256,3,FL,0,76,5776,6,2011,574.80,554.47,-20.33,42.90,49.62,55.09,57.53,58.00,58.76,59.34,59.52,58.64,55.07
257,4,TX,0,76,5776,6,2011,565.50,556.78,-8.72,46.58,55.59,57.88,57.02,57.27,57.87,56.94,57.27,56.36,54.00
258,5,WA,0,76,5776,6,2011,617.69,620.20,2.51,51.28,59.60,63.82,63.03,66.39,63.39,63.44,65.25,63.99,60.01
259,6,NC,0,79,6241,6,2011,589.60,621.00,31.40,52.91,61.64,62.04,63.13,62.55,63.26,67.28,65.56,64.45,58.18
260,7,CA,0,76,5776,6,2011,1039.61,728.40,-311.21,63.17,73.83,74.03,73.40,73.97,74.79,74.10,74.59,74.96,71.56
261,8,TN,0,75,5625,6,2011,665.11,730.09,64.98,59.06,66.35,69.26,68.14,69.66,71.66,81.00,82.21,83.48,79.27
262,1,TX,0,80,6400,7,2011,438.09,422.70,-15.39,37.60,41.83,43.61,44.19,43.40,43.20,43.34,43.24,42.64,39.65
263,2,CO,0,80,6400,7,2011,502.61,505.83,3.22,44.71,48.62,51.83,53.19,52.30,52.04,51.56,51.14,50.94,49.50
264,3,AZ,0,80,6400,7,2011,523.11,549.09,25.98,42.51,50.39,53.36,58.14,57.41,57.50,58.30,58.31,58.69,54.48
265,4,WI,0,82,6724,7,2011,586.82,574.15,-12.67,48.95,54.19,61.18,60.81,60.79,58.97,57.06,58.33,58.31,55.56
266,5,NM,0,83,6889,7,2011,615.90,607.29,-8.61,50.47,58.43,62.71,62.79,63.86,63.10,62.47,62.25,62.40,58.81
267,6,AL,0,81,6561,7,2011,589.00,646.27,57.27,59.52,64.08,66.67,66.94,66.05,67.51,65.78,66.57,65.09,58.06
268,7,OH,0,82,6724,7,2011,686.50,648.07,-38.43,54.45,64.52,67.46,67.68,68.58,68.30,66.89,66.99,63.57,59.63
269,8,CA,0,81,6561,7,2011,658.02,654.41,-3.61,54.48,64.91,67.33,68.21,67.76,68.90,66.94,65.80,65.56,64.52
270,1,IL,0,86,7396,8,2011,536.10,507.41,-28.69,43.38,49.15,50.95,52.49,52.73,52.10,52.40,51.80,52.16,50.25
271,2,WA,0,86,7396,8,2011,794.90,773.78,-21.12,63.07,80.53,78.13,79.31,78.36,80.01,78.82,79.94,82.16,73.45
272,3,TN,0,87,7569,8,2011,832.90,864.36,31.46,71.97,86.63,86.23,87.00,88.62,88.67,89.63,89.41,88.69,87.51
273,4,OH,0,88,7744,8,2011,864.30,975.29,110.99,74.34,88.29,95.80,97.97,101.35,105.34,105.09,107.60,104.49,95.02
274,5,OK,0,89,7921,8,2011,1463.41,1220.76,-242.65,91.18,119.77,119.77,126.14,127.74,129.79,128.00,133.31,128.12,116.95
275,1,AR,0,91,8281,9,2011,905.93,970.56,64.63,77.04,88.99,179.97,91.05,89.48,87.76,88.74,90.81,90.24,86.48
276,1,KY,1,51,2601,1,2011,364.40,350.84,-13.56,31.56,34.26,34.86,35.00,34.82,34.48,35.57,36.81,36.93,36.55
277,2,TX,1,52,2704,1,2011,375.67,353.93,-21.74,31.67,35.40,36.47,36.70,35.93,35.67,35.53,36.06,35.80,34.70
278,3,TN,1,51,2601,1,2011,379.54,369.44,-10.10,32.77,36.04,36.91,37.90,37.39,38.15,37.67,37.70,37.89,37.02
279,4,MD,1,52,2704,1,2011,399.20,389.64,-9.56,35.14,38.12,38.93,39.39,39.79,39.68,39.62,39.81,40.12,39.04
280,5,TN,1,53,2809,1,2011,394.80,409.39,14.59,35.23,39.49,41.22,41.66,41.73,42.37,42.52,42.43,42.39,40.35
281,6,PA,1,53,2809,1,2011,475.38,458.45,-16.93,40.44,46.00,47.21,47.23,47.06,47.05,47.04,46.35,45.66,44.41
282,7,TX,1,53,2809,1,2011,708.00,667.30,-40.70,56.93,65.73,69.79,70.84,68.84,69.58,68.52,67.91,66.39,62.77
283,1,TX,1,56,3136,2,2011,373.84,365.43,-8.41,32.11,36.39,36.99,37.21,37.28,37.11,37.19,37.43,37.49,36.23
284,2,MD,1,55,3025,2,2011,382.90,377.72,-5.18,32.61,36.22,37.79,37.69,38.05,38.09,38.46,39.38,39.80,39.63
285,3,NC,1,57,3249,2,2011,409.10,390.21,-18.89,34.26,36.98,38.79,39.22,39.14,39.76,40.17,41.50,40.97,39.42
286,4,WA,1,59,3481,2,2011,412.04,404.59,-7.45,35.59,39.77,41.13,41.67,41.58,41.44,41.68,41.37,41.43,38.93
287,5,VA,1,56,3136,2,2011,418.50,416.37,-2.13,38.04,41.05,42.56,43.23,43.14,42.49,42.34,42.29,41.00,40.23
288,6,SC,1,58,3364,2,2011,427.63,420.77,-6.86,37.41,41.25,42.76,43.19,43.56,43.55,43.46,43.24,42.48,39.87
289,7,TX,1,56,3136,2,2011,425.04,420.86,-4.18,38.11,41.14,41.94,42.37,42.42,42.86,42.87,43.35,43.77,42.03
290,8,NH,1,55,3025,2,2011,445.10,431.22,-13.88,41.24,44.34,43.83,43.79,44.37,43.84,41.77,43.83,42.46,41.75
291,9,LA,1,57,3249,2,2011,441.27,441.36,0.09,39.34,42.96,43.90,44.85,44.79,45.69,45.48,45.22,45.19,43.94
292,10,NM,1,58,3364,2,2011,462.70,453.30,-9.40,40.69,44.12,45.24,46.05,46.74,47.06,46.69,46.64,45.95,44.12
293,11,AL,1,57,3249,2,2011,462.43,455.00,-7.43,39.04,44.69,46.11,46.86,47.52,47.74,46.40,46.56,47.11,42.97
294,12,MI,1,58,3364,2,2011,470.19,455.27,-14.92,42.03,44.75,46.14,46.96,46.76,46.39,46.56,46.80,45.71,43.17
295,13,RI,1,55,3025,2,2011,583.90,457.18,-126.72,40.39,45.12,47.20,47.39,47.55,47.40,47.43,46.52,46.20,41.98
296,14,FL,1,55,3025,2,2011,475.08,459.76,-15.32,40.87,45.01,46.45,46.52,46.49,46.99,46.77,47.90,47.00,45.76
297,15,CT,1,57,3249,2,2011,499.20,473.89,-25.31,40.97,46.08,47.52,49.18,47.76,48.41,48.87,49.66,49.27,46.17
298,16,FL,1,58,3364,2,2011,497.04,484.93,-12.11,42.44,47.00,49.88,50.44,50.32,50.93,50.07,50.39,47.93,45.53
299,17,NM,1,57,3249,2,2011,477.00,487.22,10.22,46.14,46.57,48.26,49.30,50.63,49.85,49.85,50.16,49.05,47.41
300,18,TX,1,59,3481,2,2011,501.78,493.72,-8.06,42.13,45.91,48.03,49.52,49.70,51.63,51.51,53.04,51.90,50.35
301,19,CA,1,57,3249,2,2011,536.22,511.47,-24.75,45.50,51.41,52.90,54.63,51.57,51.84,51.29,51.71,51.63,48.99
302,20,DE,1,58,3364,2,2011,549.90,528.59,-21.31,46.36,52.66,53.08,54.01,54.41,54.06,53.84,54.52,53.67,51.98
303,21,TX,1,58,3364,2,2011,553.95,541.81,-12.14,46.65,52.82,54.25,55.51,55.94,55.44,55.85,55.58,55.26,54.51
304,22,NM,1,58,3364,2,2011,591.00,567.83,-23.17,50.47,56.02,58.30,57.93,57.88,58.50,57.90,57.73,57.95,55.15
305,1,MO,1,61,3721,3,2011,403.64,420.96,17.32,36.14,40.73,42.45,42.96,43.34,43.53,43.80,43.16,43.51,41.34
306,2,NM,1,62,3844,3,2011,449.30,426.92,-22.38,37.48,42.01,42.76,43.15,43.94,44.44,44.32,44.34,43.18,41.30
307,3,NC,1,62,3844,3,2011,461.30,436.33,-24.97,37.43,41.50,44.67,45.18,45.47,44.86,45.98,45.23,43.97,42.04
308,4,IL,1,64,4096,3,2011,478.60,443.17,-35.43,40.24,44.57,44.73,45.51,45.45,45.55,45.16,44.95,44.64,42.37
309,5,TX,1,61,3721,3,2011,438.20,447.95,9.75,38.12,43.55,45.68,46.89,45.93,46.21,46.24,46.04,46.78,42.51
310,6,TN,1,64,4096,3,2011,463.01,452.12,-10.89,39.34,43.86,46.04,46.57,46.89,46.50,46.46,46.37,46.41,43.68
311,7,CA,1,61,3721,3,2011,536.65,474.25,-62.40,42.31,47.14,48.57,49.08,48.16,48.96,48.63,47.98,47.57,45.85
312,8,MA,1,64,4096,3,2011,509.70,489.13,-20.57,43.47,47.82,50.12,51.23,49.87,50.11,50.84,50.71,49.87,45.09
313,9,CA,1,63,3969,3,2011,539.11,516.43,-22.68,47.76,50.87,52.82,52.14,52.59,52.96,53.49,52.37,51.89,49.54
314,10,FL,1,60,3600,3,2011,507.86,516.52,8.66,45.28,50.79,52.75,53.66,53.48,52.56,52.91,53.09,51.90,50.10
315,11,NM,1,63,3969,3,2011,514.80,523.49,8.69,44.17,50.15,53.74,54.78,54.97,54.34,53.94,53.17,53.74,50.49
316,12,CA,1,61,3721,3,2011,508.16,534.90,26.74,43.22,48.97,53.07,55.08,55.60,56.16,56.49,56.09,56.01,54.21
317,13,SC,1,62,3844,3,2011,523.39,536.95,13.56,49.00,53.77,54.90,54.71,54.33,54.80,54.44,55.22,54.64,51.14
318,14,MI,1,60,3600,3,2011,569.31,539.74,-29.57,42.97,51.69,52.51,53.89,54.59,55.74,56.87,57.17,58.87,55.44
319,15,TX,1,63,3969,3,2011,527.06,551.97,24.91,50.72,53.48,54.96,55.07,55.44,55.87,56.72,56.64,58.39,54.68
320,16,CA,1,60,3600,3,2011,552.94,554.54,1.60,48.66,55.61,57.82,57.22,56.72,57.05,57.29,55.25,56.20,52.72
321,17,OH,1,62,3844,3,2011,581.40,576.54,-4.86,49.37,55.92,58.05,59.42,59.11,59.51,59.57,59.57,60.77,55.25
322,18,OH,1,60,3600,3,2011,548.10,585.35,37.25,48.64,54.78,58.25,61.24,60.59,61.56,61.10,60.84,60.39,57.96
323,19,DC,1,64,4096,3,2011,610.90,587.51,-23.39,47.90,56.80,60.88,61.27,60.53,60.78,60.26,60.36,60.13,58.60
324,20,CA,1,64,4096,3,2011,615.12,632.71,17.59,53.50,61.06,63.43,64.67,64.51,65.30,65.10,65.10,65.29,64.75
325,21,NM,1,60,3600,3,2011,678.40,681.60,3.20,58.38,67.50,67.62,68.10,69.32,70.00,69.58,72.09,70.99,68.02
326,22,VA,1,64,4096,3,2011,858.23,770.83,-87.40,72.64,75.73,78.41,77.99,78.84,77.82,78.14,78.86,76.20,76.20
327,23,NC,1,64,4096,3,2011,833.90,893.91,60.01,82.31,85.51,91.06,88.46,91.72,91.22,91.46,91.58,91.41,89.18
328,1,NM,1,68,4624,4,2011,431.70,423.89,-7.81,38.00,41.92,43.09,43.46,43.83,43.31,43.14,43.49,43.06,40.59
329,2,IL,1,66,4356,4,2011,460.90,443.47,-17.43,40.13,44.57,44.78,44.80,45.32,45.03,45.41,44.75,45.12,43.56
330,3,TX,1,65,4225,4,2011,474.75,472.10,-2.65,38.70,44.65,47.15,48.75,49.05,49.72,49.30,49.95,48.42,46.41
331,4,MD,1,68,4624,4,2011,564.50,518.50,-46.00,46.08,51.32,52.80,53.54,53.67,53.02,52.72,53.54,53.20,48.61
332,5,AZ,1,66,4356,4,2011,526.62,537.13,10.51,47.26,53.86,56.20,55.53,54.86,55.98,54.17,54.45,53.68,51.14
333,6,FL,1,65,4225,4,2011,588.32,548.08,-40.24,48.06,54.56,56.78,57.71,55.42,57.25,57.71,56.23,55.04,49.32
334,7,CA,1,66,4356,4,2011,558.40,554.81,-3.59,49.31,54.48,56.84,57.76,56.81,58.17,56.57,58.05,55.98,50.84
335,8,LA,1,67,4489,4,2011,652.58,607.77,-44.81,59.11,61.74,64.69,60.98,61.88,62.18,59.97,61.76,58.95,56.51
336,9,MD,1,66,4356,4,2011,622.70,615.79,-6.91,53.85,61.07,62.14,62.71,62.62,62.58,62.60,64.77,62.01,61.44
337,10,FL,1,67,4489,4,2011,559.04,615.94,56.90,51.82,58.24,60.38,68.20,65.31,66.78,64.05,59.67,65.80,55.69
338,11,OH,1,69,4761,4,2011,628.60,616.89,-11.71,57.06,60.53,61.99,63.66,63.24,63.23,62.70,62.67,62.96,58.85
339,12,MD,1,69,4761,4,2011,634.00,620.82,-13.18,57.25,61.05,62.93,61.55,62.05,63.48,63.27,62.60,64.37,62.27
340,13,GA,1,68,4624,4,2011,696.00,675.51,-20.49,58.83,65.92,70.00,69.39,68.79,69.69,68.74,69.37,68.60,66.18
341,14,CA,1,68,4624,4,2011,786.24,769.95,-16.29,61.30,73.75,80.04,84.32,79.79,80.17,77.04,78.74,78.97,75.83
342,15,ME,1,69,4761,4,2011,800.45,779.82,-20.63,70.30,77.61,77.45,78.34,79.43,81.33,80.22,81.38,79.51,74.25
343,1,TX,1,71,5041,5,2011,490.43,470.06,-20.37,41.84,46.61,47.65,47.79,48.93,48.62,48.52,48.69,47.75,43.66
344,2,TX,1,70,4900,5,2011,547.40,518.59,-28.81,45.49,52.40,53.25,54.22,53.39,52.31,52.40,53.10,52.64,49.39
345,3,FL,1,70,4900,5,2011,529.15,526.79,-2.36,46.36,52.42,53.61,53.08,54.63,54.76,52.46,54.16,54.43,50.88
346,4,NC,1,72,5184,5,2011,583.80,570.32,-13.48,49.74,56.39,58.00,58.39,58.61,58.60,58.25,58.75,58.19,55.40
347,5,FL,1,70,4900,5,2011,586.67,574.58,-12.09,50.75,57.43,58.98,58.63,58.47,57.58,58.96,59.02,57.75,57.01
348,6,AZ,1,73,5329,5,2011,656.90,589.20,-67.70,56.70,61.71,60.55,60.70,61.09,59.82,58.28,60.30,57.44,52.61
349,7,FL,1,70,4900,5,2011,594.84,595.58,0.74,50.63,58.01,60.35,62.04,60.16,61.51,61.68,61.66,61.05,58.49
350,8,DC,1,72,5184,5,2011,637.40,607.35,-30.05,47.97,58.20,61.97,64.12,62.41,63.77,62.23,63.71,62.49,60.48
351,9,TN,1,72,5184,5,2011,586.32,608.06,21.74,53.31,59.24,63.85,63.06,62.81,61.56,62.59,62.33,61.66,57.65
352,10,CA,1,71,5041,5,2011,679.25,646.95,-32.30,61.10,62.04,63.50,63.87,64.34,67.39,65.62,65.96,67.62,65.51
353,11,TX,1,74,5476,5,2011,686.38,669.83,-16.55,61.08,66.57,66.37,68.65,68.01,68.66,68.84,69.69,67.46,64.50
354,12,VA,1,71,5041,5,2011,704.50,712.39,7.89,61.02,70.60,75.94,76.48,74.61,71.81,74.02,73.08,70.97,63.86
355,13,DC,1,72,5184,5,2011,757.90,719.05,-38.85,64.03,72.50,74.72,74.25,75.31,74.29,74.07,72.89,71.21,65.78
356,14,KY,1,70,4900,5,2011,883.10,869.75,-13.35,72.70,85.94,88.64,88.37,88.90,89.84,89.29,89.78,90.71,85.58
357,15,DC,1,74,5476,5,2011,782.70,871.53,88.83,81.04,81.04,89.35,87.30,89.97,89.34,89.36,90.71,86.72,86.72
358,16,AR,1,73,5329,5,2011,1198.86,913.65,-285.21,79.53,92.81,94.27,94.16,93.97,92.35,92.80,92.46,92.92,88.38
359,1,FL,1,75,5625,6,2011,570.56,532.50,-38.06,48.04,54.07,54.26,54.04,54.02,53.70,55.52,54.53,54.05,50.27
360,2,CA,1,79,6241,6,2011,590.96,540.93,-50.03,48.21,55.62,54.10,55.39,54.59,55.94,54.59,57.32,54.14,51.03
361,3,FL,1,75,5625,6,2011,597.57,557.59,-39.98,51.47,56.34,57.15,56.35,57.36,55.67,57.08,55.98,56.36,53.83
362,4,IA,1,78,6084,6,2011,854.05,580.34,-273.71,50.64,55.46,58.22,59.37,59.52,61.03,60.60,60.21,58.84,56.45
363,5,WA,1,76,5776,6,2011,581.35,585.74,4.39,50.61,57.24,59.29,60.38,59.52,59.62,59.82,61.88,61.05,56.33
364,6,TX,1,76,5776,6,2011,640.64,603.00,-37.64,51.58,59.30,63.38,61.63,63.32,60.45,63.00,60.53,62.34,57.47
365,7,DC,1,78,6084,6,2011,617.96,655.92,37.96,52.52,63.19,67.92,68.96,68.52,68.92,68.79,66.27,67.11,63.72
366,8,AR,1,76,5776,6,2011,657.18,660.05,2.87,57.71,62.83,66.95,67.71,68.01,69.29,69.27,69.16,66.21,62.91
367,9,CO,1,77,5929,6,2011,659.24,686.52,27.28,61.50,68.43,68.81,68.96,70.61,70.17,68.91,70.41,69.92,68.80
368,10,IL,1,78,6084,6,2011,725.10,695.70,-29.40,63.59,68.34,70.57,72.74,70.57,72.32,70.23,70.15,70.37,66.82
369,11,NM,1,77,5929,6,2011,722.70,703.63,-19.07,57.48,67.79,70.69,73.12,73.90,73.43,73.01,72.62,74.06,67.53
370,12,CA,1,79,6241,6,2011,793.06,755.83,-37.23,65.12,74.10,75.66,75.28,77.47,77.92,77.77,80.26,80.20,72.05
371,13,MD,1,77,5929,6,2011,849.20,765.95,-83.25,71.59,76.58,78.01,76.40,78.02,78.88,77.46,78.10,77.82,73.09
372,14,TN,1,77,5929,6,2011,967.09,1104.88,137.79,96.73,96.73,108.54,113.33,116.79,114.58,114.38,118.19,118.19,107.44
373,15,OH,1,76,5776,6,2011,1227.30,1201.64,-25.66,102.86,114.56,124.97,123.39,125.97,130.60,131.98,121.63,123.14,102.54
374,1,IL,1,80,6400,7,2011,647.30,626.32,-20.98,57.76,62.53,66.22,64.49,63.97,63.87,64.21,63.59,63.20,56.48
375,2,TX,1,83,6889,7,2011,701.49,665.66,-35.83,58.86,65.70,66.09,68.77,68.43,69.27,68.95,68.76,67.25,63.58
376,3,CA,1,82,6724,7,2011,700.90,689.37,-11.53,61.98,67.73,70.21,69.30,70.45,70.49,70.95,70.27,71.10,66.89
377,4,SC,1,81,6561,7,2011,709.00,708.69,-0.31,59.46,69.65,72.44,73.68,75.28,73.82,72.98,73.07,71.41,66.90
378,5,TX,1,82,6724,7,2011,729.16,768.71,39.55,67.43,76.93,79.01,79.13,77.50,78.23,77.96,81.02,79.42,72.08
379,6,TX,1,82,6724,7,2011,857.13,822.78,-34.35,72.98,82.39,86.43,89.08,87.73,83.19,81.50,78.63,81.01,79.84
380,7,VT,1,81,6561,7,2011,968.00,885.69,-82.31,82.99,83.07,86.08,89.08,90.24,91.35,92.96,90.90,92.50,86.52
381,8,NM,1,83,6889,7,2011,990.80,924.00,-66.80,87.72,95.83,95.72,92.36,94.44,94.58,94.24,92.34,88.39,88.39
382,9,IN,1,82,6724,7,2011,906.29,973.86,67.57,81.08,90.61,96.74,99.70,98.97,103.17,102.11,99.87,103.93,97.68
383,10,CO,1,84,7056,7,2011,994.31,1002.70,8.39,102.91,105.94,99.66,99.66,103.02,97.91,97.91,100.12,101.17,94.42
384,1,FL,1,86,7396,8,2011,908.13,869.65,-38.48,77.44,90.23,90.23,89.30,89.30,86.50,86.66,86.66,86.66,86.66
385,2,OH,1,86,7396,8,2011,910.20,932.62,22.42,82.01,87.34,93.53,93.95,95.48,95.48,98.19,95.45,98.50,92.70
386,3,CO,1,86,7396,8,2011,1341.53,1121.28,-220.25,98.35,119.30,123.12,110.88,110.88,111.45,112.47,111.94,111.45,111.45
387,4,TX,1,88,7744,8,2011,1148.97,1191.01,42.04,110.88,117.76,122.45,116.77,123.12,115.77,122.73,126.87,118.32,116.34
388,1,IL,1,92,8464,9,2011,1000.00,1037.23,37.23,83.03,103.81,108.60,108.63,109.12,106.82,105.50,104.22,105.38,102.12
389,1,MA,0,54,2916,1,2013,391.26,338.69,-52.57,31.86,34.61,35.57,35.40,34.85,34.14,33.68,33.39,33.19,32.00
390,2,WA,0,53,2809,1,2013,361.83,359.02,-2.81,31.74,34.65,36.44,36.70,37.30,36.44,36.17,37.09,36.82,35.67
391,3,CA,0,52,2704,1,2013,381.20,368.94,-12.26,32.54,35.20,36.22,36.89,37.47,37.58,38.69,38.76,38.24,37.35
392,4,OH,0,52,2704,1,2013,396.39,379.98,-16.41,32.94,36.70,38.46,38.71,39.08,40.23,39.42,39.24,38.75,36.45
393,1,OH,0,56,3136,2,2013,349.83,329.08,-20.75,30.90,33.39,33.65,33.55,33.53,33.37,33.27,33.31,32.94,31.17
394,2,NM,0,59,3481,2,2013,353.44,330.15,-23.29,31.95,33.89,33.97,33.69,32.99,32.85,32.89,33.45,32.86,31.61
395,3,TN,0,55,3025,2,2013,344.50,343.41,-1.09,31.11,34.00,34.60,34.48,34.66,34.64,34.75,35.00,35.20,34.97
396,4,OH,0,55,3025,2,2013,360.93,358.96,-1.97,33.39,36.69,37.22,36.95,37.15,36.86,37.16,35.28,34.39,33.87
397,5,PA,0,57,3249,2,2013,364.00,360.38,-3.62,32.06,35.25,35.58,37.16,37.49,36.65,37.02,37.23,36.69,35.25
398,6,KY,0,56,3136,2,2013,384.27,363.65,-20.62,33.64,35.77,36.74,37.37,37.51,36.37,36.56,37.30,36.53,35.86
399,7,OH,0,56,3136,2,2013,379.91,368.08,-11.83,32.78,35.70,36.54,37.31,37.65,38.01,38.31,37.85,37.29,36.64
400,8,WA,0,57,3249,2,2013,389.08,378.66,-10.42,32.34,36.53,38.74,39.46,39.04,39.00,39.50,39.01,39.23,35.81
401,9,OH,0,55,3025,2,2013,407.24,379.26,-27.98,33.12,36.30,37.36,38.67,38.71,39.12,39.49,39.78,39.47,37.24
402,10,WV,0,56,3136,2,2013,432.13,420.35,-11.78,34.88,38.73,41.77,43.31,45.22,44.28,44.88,43.19,42.73,41.36
403,11,OH,0,55,3025,2,2013,460.46,440.14,-20.32,42.64,45.16,44.29,44.35,44.83,44.51,44.37,44.48,44.10,41.41
404,1,TN,0,60,3600,3,2013,347.20,342.17,-5.03,32.12,34.07,34.56,34.66,34.98,34.93,34.85,34.54,34.53,32.93
405,2,OH,0,60,3600,3,2013,366.53,354.83,-11.70,33.16,35.44,35.02,35.88,36.81,36.32,35.66,35.87,35.50,35.17
406,3,CO,0,60,3600,3,2013,399.96,368.85,-31.11,32.40,35.95,37.18,38.00,38.32,38.10,37.96,37.56,37.40,35.98
407,4,OH,0,62,3844,3,2013,372.24,376.72,4.48,33.56,36.23,37.27,37.83,37.69,37.96,38.29,39.50,39.97,38.42
408,5,OR,0,60,3600,3,2013,348.18,384.40,36.22,35.45,38.15,39.16,38.87,39.28,39.29,39.34,39.55,38.74,36.57
409,6,CA,0,62,3844,3,2013,385.95,391.28,5.33,35.42,37.36,38.21,38.55,40.39,39.51,40.35,40.95,41.39,39.15
410,7,PA,0,63,3969,3,2013,408.10,394.24,-13.86,33.65,37.35,39.14,40.05,40.54,40.73,40.72,40.97,41.46,39.63
411,8,OH,0,61,3721,3,2013,395.69,395.83,0.14,34.28,38.75,40.44,41.05,41.35,40.54,40.75,40.38,39.94,38.35
412,9,KY,0,63,3969,3,2013,382.41,405.30,22.89,34.06,37.76,39.17,39.72,41.39,40.72,41.95,42.99,44.29,43.25
413,10,PA,0,61,3721,3,2013,407.40,406.18,-1.22,34.25,37.83,40.05,41.77,42.19,42.81,42.79,43.33,41.95,39.21
414,11,NY,0,60,3600,3,2013,397.37,420.03,22.66,34.47,40.26,42.37,43.53,43.64,44.07,45.10,44.42,43.17,39.00
415,12,OH,0,63,3969,3,2013,440.26,433.80,-6.46,36.87,39.86,41.22,43.40,43.72,45.73,45.71,46.11,46.01,45.17
416,13,FL,0,64,4096,3,2013,448.30,445.54,-2.76,39.43,43.00,44.59,45.24,45.86,45.90,46.29,44.85,45.89,44.49
417,14,IL,0,61,3721,3,2013,459.01,452.57,-6.44,41.09,42.45,44.76,45.47,45.74,45.85,46.64,47.81,49.25,43.51
418,15,TX,0,62,3844,3,2013,445.48,456.43,10.95,36.12,43.05,46.65,46.64,48.94,47.96,48.26,48.20,47.65,42.96
419,16,MI,0,60,3600,3,2013,463.81,462.15,-1.66,37.50,42.22,45.24,46.25,47.01,48.26,48.67,49.10,50.31,47.59
420,17,TX,0,64,4096,3,2013,450.09,462.52,12.43,37.70,44.53,46.79,48.80,48.11,48.62,48.75,48.77,45.83,44.62
421,19,DE,0,60,3600,3,2013,565.20,577.27,12.07,45.57,54.64,60.80,60.26,60.45,61.27,61.87,61.05,59.41,51.95
422,20,TN,0,61,3721,3,2013,583.40,642.05,58.65,53.06,64.67,67.91,66.75,67.81,65.62,65.87,66.33,63.13,60.90
423,21,MD,0,63,3969,3,2013,681.70,673.34,-8.36,44.71,58.39,67.51,70.54,73.80,78.24,76.36,73.50,69.59,60.70
424,1,OH,0,68,4624,4,2013,410.57,391.48,-19.09,33.35,38.81,39.25,40.30,40.77,40.61,40.42,38.70,37.93,41.34
425,2,CO,0,66,4356,4,2013,399.02,394.12,-4.90,34.78,37.90,39.43,40.09,39.63,39.96,41.10,41.16,40.66,39.41
426,3,Russia,0,68,4624,4,2013,373.71,410.25,36.54,35.74,41.67,42.71,43.22,42.91,42.71,42.02,41.74,41.08,36.45
427,4,NY,0,65,4225,4,2013,456.55,443.71,-12.84,39.98,42.68,44.56,46.71,45.91,46.15,44.38,46.53,43.85,42.96
428,5,IL,0,67,4489,4,2013,459.10,449.40,-9.70,37.06,42.11,45.03,45.49,46.95,46.79,46.70,47.39,46.44,45.44
429,6,MD,0,67,4489,4,2013,508.80,453.82,-54.98,39.59,45.53,46.32,46.99,46.08,45.47,46.18,46.43,45.33,45.90
430,7,IL,0,66,4356,4,2013,462.85,467.90,5.05,37.30,42.46,46.15,48.77,48.94,49.30,50.22,49.56,49.60,45.60
431,8,KY,0,67,4489,4,2013,512.52,485.52,-27.00,41.95,48.43,50.20,50.19,49.96,50.83,51.55,48.53,50.27,43.61
432,9,OH,0,69,4761,4,2013,485.48,488.08,2.60,43.38,48.87,50.99,50.65,50.19,49.81,49.67,49.18,49.04,46.30
433,10,AL,0,69,4761,4,2013,482.00,488.48,6.48,42.24,45.30,48.71,48.89,50.51,50.63,50.62,50.97,51.06,49.55
434,11,OH,0,67,4489,4,2013,511.90,502.52,-9.38,44.82,47.48,50.77,51.01,51.76,51.60,52.36,52.02,52.31,48.39
435,12,WA,0,69,4761,4,2013,524.94,525.91,0.97,46.13,51.39,51.78,53.14,54.60,54.24,53.13,56.03,53.26,52.21
436,13,CT,0,69,4761,4,2013,544.20,541.46,-2.74,47.97,53.86,55.62,55.31,54.94,56.25,54.27,55.25,54.98,53.01
437,1,ME,0,70,4900,5,2013,418.70,411.19,-7.51,37.42,42.43,42.11,42.07,42.19,42.29,42.33,41.87,40.91,37.57
438,2,TX,0,71,5041,5,2013,430.36,440.89,10.53,39.11,41.30,43.15,44.39,45.21,45.85,46.55,45.18,45.99,44.16
439,3,OH,0,71,5041,5,2013,438.80,458.94,20.14,40.28,44.55,47.17,46.75,47.05,47.93,47.26,46.97,46.02,44.96
440,4,CT,0,70,4900,5,2013,471.80,469.29,-2.51,41.06,46.47,47.72,47.41,48.07,47.52,48.25,47.88,48.57,46.34
441,5,MI,0,70,4900,5,2013,504.70,472.69,-32.01,39.61,45.42,46.72,48.28,48.28,49.03,48.26,49.93,48.78,48.38
442,6,DC,0,73,5329,5,2013,506.27,490.93,-15.34,39.74,48.35,49.84,50.17,50.79,51.07,52.21,49.54,50.64,48.58
443,7,FL,0,71,5041,5,2013,434.36,500.10,65.74,43.73,49.73,51.94,50.58,52.37,51.33,50.62,49.90,50.92,48.98
444,8,MA,0,74,5476,5,2013,508.10,504.00,-4.10,44.50,47.50,49.65,50.81,51.90,51.68,53.50,52.89,52.67,48.90
445,9,TX,0,72,5184,5,2013,509.52,511.97,2.45,47.18,50.39,52.66,52.37,52.01,50.91,52.25,52.60,52.15,49.45
446,10,OH,0,74,5476,5,2013,554.55,514.13,-40.42,44.62,51.71,52.78,53.23,53.32,53.65,53.85,51.97,51.12,47.88
447,11,VA,0,74,5476,5,2013,604.98,539.86,-65.12,45.41,52.77,55.09,55.41,56.18,57.07,57.17,56.89,55.01,48.86
448,12,FL,0,71,5041,5,2013,535.40,540.82,5.42,45.43,50.30,55.72,55.71,55.53,56.15,57.91,56.39,57.47,50.21
449,13,TX,0,71,5041,5,2013,670.02,609.71,-60.31,54.45,62.67,61.34,63.78,63.61,62.71,63.51,60.05,59.31,58.28
450,14,FL,0,72,5184,5,2013,624.04,656.38,32.34,49.36,58.68,66.01,64.03,64.58,63.19,67.43,71.02,76.19,75.89
451,15,VA,0,71,5041,5,2013,746.38,749.88,3.50,54.22,69.52,75.95,78.04,77.77,79.23,79.41,80.73,78.26,76.75
452,1,TN,0,79,6241,6,2013,442.00,435.19,-6.81,40.46,45.03,44.56,44.04,43.67,44.26,44.78,43.69,43.90,40.80
453,2,OH,0,78,6084,6,2013,455.49,447.88,-7.61,40.54,44.69,45.35,45.37,45.95,45.94,45.89,44.90,45.72,43.53
454,3,CO,0,77,5929,6,2013,470.21,455.88,-14.33,40.16,45.73,45.89,46.13,47.61,46.10,46.15,47.12,46.43,44.56
455,4,NC,0,76,5776,6,2013,530.85,512.69,-18.16,43.74,49.64,53.25,53.59,53.14,54.12,53.49,52.78,51.95,46.99
456,5,TX,0,78,6084,6,2013,578.60,570.10,-8.50,48.23,59.21,58.13,59.42,58.42,58.82,57.86,56.87,58.86,54.28
457,6,FL,0,75,5625,6,2013,664.65,615.98,-48.67,51.27,61.22,61.28,65.72,63.89,64.96,65.89,61.79,63.22,56.74
458,7,OH,0,78,6084,6,2013,650.31,687.25,36.94,54.57,67.79,68.55,70.18,73.39,73.85,73.93,72.51,72.51,59.97
459,8,TX,0,77,5929,6,2013,761.70,737.45,-24.25,61.75,68.01,70.67,75.98,77.01,76.48,76.94,77.84,79.40,73.37
460,1,TX,0,82,6724,7,2013,429.65,441.89,12.24,41.23,42.94,44.51,45.13,45.41,45.07,45.24,44.76,45.49,42.11
461,2,CA,0,80,6400,7,2013,574.00,600.26,26.26,47.78,57.34,64.60,65.36,63.15,61.44,58.64,61.48,59.94,60.53
465,6,OH,0,84,7056,7,2013,713.49,702.87,-10.62,59.51,69.74,73.33,74.54,73.31,72.66,72.54,75.49,69.41,62.34
466,7,CA,0,83,6889,7,2013,756.37,785.46,29.09,64.61,81.21,82.01,82.60,81.21,79.17,81.75,79.60,76.82,76.48
467,1,IL,0,88,7744,8,2013,550.17,574.42,24.25,49.36,53.62,57.26,60.43,59.55,59.48,59.24,58.94,58.33,58.21
468,2,OH,0,86,7396,8,2013,674.13,651.64,-22.49,53.24,59.79,65.93,66.81,65.76,66.85,69.01,67.80,70.12,66.33
469,3,NM,0,85,7225,8,2013,585.32,686.11,100.79,56.57,67.20,71.77,69.88,70.66,73.53,69.96,71.18,69.33,66.03
470,4,TN,0,89,7921,8,2013,911.00,910.21,-0.79,81.00,91.81,90.98,93.98,95.59,94.95,92.26,91.22,89.21,89.21
471,5,MD,0,86,7396,8,2013,894.10,950.33,-41.34,71.87,89.90,97.49,95.71,99.91,101.33,101.42,100.04,97.57,95.09
472,1,TX,1,54,2916,1,2013,321.78,379.50,57.72,31.39,36.46,38.52,38.60,39.13,39.00,39.04,39.79,39.55,38.02
473,2,OH,1,53,2809,1,2013,406.04,394.41,-11.63,35.14,38.20,39.71,40.58,40.48,40.92,40.71,40.43,40.41,37.83
474,3,NY,1,52,2704,1,2013,402.51,402.65,0.14,36.57,39.75,40.49,41.06,41.05,41.12,41.29,41.44,41.56,38.32
475,4,PA,1,53,2809,1,2013,400.70,402.84,2.14,36.23,40.21,41.92,42.12,41.84,40.95,40.83,40.38,40.75,37.61
476,5,OH,1,54,2916,1,2013,431.31,425.60,-5.71,36.56,41.53,42.19,43.11,43.71,43.84,44.23,44.37,44.50,41.56
477,6,KY,1,51,2601,1,2013,444.34,431.77,-12.57,38.85,42.75,43.54,45.25,44.51,44.43,43.80,43.92,42.91,41.81
478,7,DC,1,52,2704,1,2013,421.07,433.72,12.65,38.47,42.25,43.03,43.34,44.13,44.94,44.72,44.64,45.61,42.59
480,9,PA,1,51,2601,1,2013,479.40,474.20,-5.20,41.65,45.76,46.84,49.30,49.12,48.15,49.52,49.19,48.47,46.20
482,11,IL,1,54,2916,1,2013,742.81,574.43,-168.38,48.68,56.91,58.21,58.31,58.15,59.95,58.74,59.37,58.29,57.82
483,1,OH,1,56,3136,2,2013,382.55,374.01,-8.54,33.66,36.90,37.91,38.06,38.05,38.24,38.50,38.31,38.23,36.15
484,2,MD,1,57,3249,2,2013,390.10,390.36,0.26,34.50,37.86,39.35,39.39,39.42,39.54,39.87,40.05,40.44,39.94
485,3,SC,1,56,3136,2,2013,424.57,404.60,-19.97,35.16,38.60,39.87,41.32,41.37,42.40,41.63,42.19,41.65,40.41
486,4,VA,1,58,3364,2,2013,434.80,411.83,-22.97,36.43,40.50,41.73,42.23,43.10,42.19,42.71,42.12,41.38,39.44
487,5,MO,1,58,3364,2,2013,455.20,456.40,1.20,41.31,44.54,45.75,47.67,47.69,47.08,47.08,46.92,45.30,43.06
488,6,KY,1,59,3481,2,2013,383.68,458.58,74.90,41.03,45.68,47.33,47.44,47.63,46.39,46.96,47.23,45.71,43.18
489,7,RI,1,57,3249,2,2013,441.60,463.72,22.12,39.46,44.47,47.46,48.20,48.59,48.06,47.84,47.73,47.73,44.18
490,8,TX,1,58,3364,2,2013,500.07,465.73,-34.34,41.84,46.37,47.63,47.39,47.96,48.05,47.80,47.09,47.59,44.01
491,9,PA,1,55,3025,2,2013,455.80,469.21,13.41,42.14,46.66,48.42,49.56,48.83,48.11,47.50,47.45,46.09,44.45
492,10,WI,1,56,3136,2,2013,538.20,543.46,5.26,45.42,48.54,55.10,56.90,57.68,56.94,57.24,56.73,55.73,53.18
493,1,OH,1,60,3600,3,2013,394.20,384.46,-9.74,33.24,37.49,38.86,39.33,39.63,39.36,39.32,39.16,39.35,38.72
494,2,WA,1,61,3721,3,2013,399.68,398.33,-1.35,35.46,39.74,40.49,40.65,40.66,40.90,40.74,40.48,40.46,38.75
495,3,OH,1,60,3600,3,2013,416.30,409.08,-7.22,38.09,40.70,42.32,41.96,41.68,41.50,41.51,40.43,40.82,40.07
496,4,SC,1,60,3600,3,2013,433.53,411.43,-22.10,36.98,40.89,41.81,41.79,41.90,42.20,42.20,42.22,42.03,39.41
497,5,NC,1,64,4096,3,2013,457.86,436.15,-21.71,36.97,40.84,42.62,45.66,45.26,45.87,46.45,44.64,45.10,42.74
498,6,NM,1,64,4096,3,2013,459.58,442.94,-16.64,37.48,42.77,44.11,45.15,45.64,45.87,46.07,46.02,45.77,44.06
499,7,MI,1,60,3600,3,2013,484.57,472.43,-12.14,39.42,43.49,46.72,48.32,49.34,49.80,49.90,50.39,48.99,46.06
500,8,PA,1,61,3721,3,2013,473.00,473.13,0.13,43.60,46.30,47.79,47.83,49.15,46.89,47.42,48.38,48.54,47.23
501,9,DC,1,62,3844,3,2013,526.20,479.71,-46.49,41.76,47.59,49.33,48.31,49.89,49.06,49.06,49.42,49.14,46.15
502,10,TX,1,61,3721,3,2013,505.86,496.03,-9.83,42.29,46.17,48.31,49.90,50.38,50.15,51.39,53.36,54.19,49.89
503,11,NE,1,62,3844,3,2013,510.50,498.74,-11.76,44.99,49.12,52.65,51.56,50.68,50.49,50.75,50.75,50.26,47.49
504,12,DE,1,60,3600,3,2013,570.10,517.98,-52.12,47.50,53.11,54.09,52.51,52.61,52.29,51.71,52.29,52.69,49.18
505,13,TN,1,61,3721,3,2013,493.70,519.93,26.23,47.85,51.04,52.34,52.88,53.48,52.67,52.98,52.60,52.95,51.14
506,14,FL,1,62,3844,3,2013,544.20,530.34,-13.86,46.50,51.72,53.46,53.43,55.54,55.26,53.36,54.16,54.77,52.14
507,15,MN,1,60,3600,3,2013,527.28,550.37,23.09,50.03,53.94,54.63,54.43,56.74,56.35,56.14,57.23,57.44,53.44
508,16,MO,1,63,3969,3,2013,558.50,571.09,12.59,51.21,59.00,57.28,55.60,57.95,57.94,57.16,59.14,58.74,57.07
509,17,MI,1,62,3844,3,2013,608.10,581.52,-26.58,46.10,54.13,56.96,60.41,60.84,62.11,63.40,60.93,60.92,55.72
510,18,PA,1,63,3969,3,2013,593.00,587.00,-6.00,49.36,56.88,59.86,61.35,61.61,62.03,60.91,60.17,59.48,55.35
511,19,OH,1,64,4096,3,2013,621.12,691.19,70.07,56.14,64.10,71.59,70.26,73.20,72.10,71.45,72.39,71.93,68.03
512,20,TX,1,62,3844,3,2013,720.31,706.23,-14.08,61.98,69.49,72.62,70.93,71.54,71.85,71.97,75.34,72.75,67.76
513,21,OH,1,63,3969,3,2013,701.23,755.18,53.95,56.83,65.94,71.18,72.96,78.46,78.42,80.04,82.25,83.46,85.64
514,1,IL,1,66,4356,4,2013,467.26,444.00,-23.26,41.01,44.46,45.30,45.52,45.67,45.20,45.02,44.56,44.60,42.66
515,2,TN,1,66,4356,4,2013,481.80,465.05,-16.75,40.57,46.03,48.15,47.76,47.68,48.28,47.14,48.14,48.20,43.10
516,3,PA,1,67,4489,4,2013,462.80,470.60,7.80,38.86,43.64,43.77,44.86,44.86,46.71,48.15,49.83,53.38,56.54
517,4,MA,1,66,4356,4,2013,502.30,490.83,-11.47,42.50,48.30,50.50,51.01,50.78,50.30,51.15,49.99,48.72,47.58
518,5,RI,1,65,4225,4,2013,526.80,505.44,-21.36,41.57,46.12,48.80,49.62,52.16,53.34,53.60,53.56,55.11,51.56
519,6,PA,1,65,4225,4,2013,570.60,538.29,32.31,43.79,52.69,55.62,57.36,56.80,55.39,55.85,53.93,54.44,52.42
520,7,OH,1,66,4356,4,2013,563.90,549.10,-14.80,48.91,53.19,56.78,58.03,57.17,56.00,56.64,56.19,55.37,50.82
521,8,NC,1,68,4624,4,2013,638.76,655.90,17.14,55.89,65.63,68.41,66.50,67.07,66.85,68.43,64.84,69.82,62.46
522,9,MD,1,68,4624,4,2013,626.30,662.14,35.84,56.74,63.18,67.11,67.64,68.48,68.72,68.30,67.58,68.14,66.25
523,10,DC,1,69,4761,4,2013,703.09,693.35,-9.74,57.42,70.65,69.96,71.67,70.55,73.54,70.43,71.58,70.61,66.94
524,11,DC,1,68,4624,4,2013,741.90,705.22,-36.68,56.81,64.05,72.99,70.81,72.49,73.59,75.43,74.26,74.40,70.39
525,12,MN,1,69,4761,4,2013,793.32,765.52,-27.80,66.09,76.15,77.96,78.90,77.81,76.37,78.69,77.63,77.35,78.57
526,13,VA,1,66,4356,4,2013,745.20,775.61,30.41,75.66,78.17,79.38,80.10,78.51,78.00,76.73,78.56,77.93,72.57
527,14,PA,1,66,4356,4,2013,785.10,785.25,0.15,63.07,76.21,78.99,84.69,81.34,79.25,81.26,77.85,81.15,81.44
528,1,NM,1,70,4900,5,2013,467.40,449.62,-17.78,39.54,44.01,45.87,46.71,46.52,46.68,46.09,45.24,45.20,43.76
529,2,TX,1,72,5184,5,2013,552.40,524.85,-27.55,46.04,51.14,53.88,54.56,54.44,55.12,53.60,53.07,53.45,49.55
530,3,MD,1,70,4900,5,2013,562.40,530.08,-32.32,46.66,54.06,53.52,54.20,53.85,55.42,54.60,54.79,54.07,48.91
531,4,TX,1,71,5041,5,2013,457.48,539.35,81.87,45.55,50.04,53.08,54.20,55.03,56.51,54.72,56.48,57.13,56.61
532,5,FL,1,72,5184,5,2013,546.90,548.90,2.00,48.65,48.65,54.37,56.13,56.17,56.19,58.29,56.49,57.57,56.39
533,6,LA,1,74,5476,5,2013,605.00,558.98,-46.02,47.34,53.15,54.62,56.05,57.60,58.38,57.45,57.95,58.81,57.63
534,7,PA,1,72,5184,5,2013,563.86,563.72,-0.14,46.15,53.73,56.28,59.60,58.38,59.50,59.05,58.64,58.48,53.91
535,8,NC,1,74,5476,5,2013,635.39,569.84,-65.55,47.19,54.84,59.87,58.66,59.87,61.14,58.23,58.02,58.38,53.64
536,9,TN,1,74,5476,5,2013,599.90,588.82,-11.08,52.34,57.81,59.88,59.92,60.20,59.24,61.32,61.02,60.20,56.89
537,10,DC,1,74,5476,5,2013,603.57,616.34,12.77,51.13,57.30,61.48,64.07,65.41,64.14,64.36,64.63,63.73,60.09
538,11,PA,1,72,5184,5,2013,610.30,621.65,11.35,55.84,58.86,61.52,62.30,62.95,63.17,64.37,64.37,65.15,63.12
539,12,AZ,1,71,5041,5,2013,594.49,625.85,31.36,51.83,56.88,60.96,61.04,62.14,63.08,62.13,68.30,76.32,63.17
540,13,MD,1,71,5041,5,2013,642.10,626.14,-15.96,54.30,61.05,63.80,65.05,62.64,64.57,65.47,64.66,64.55,60.05
541,14,FL,1,72,5184,5,2013,614.60,644.73,30.13,52.77,64.33,68.57,66.63,66.76,67.97,65.66,64.73,65.70,61.61
542,15,OH,1,71,5041,5,2013,659.23,650.15,-9.08,55.84,62.73,67.30,67.19,67.32,67.40,67.26,66.68,67.18,61.25
543,16,OH,1,71,5041,5,2013,716.46,676.42,-40.04,51.63,60.00,65.89,70.00,69.85,70.52,71.94,72.86,74.20,69.53
544,17,PA,1,72,5184,5,2013,698.00,678.47,-19.53,53.46,66.74,70.40,71.07,71.56,69.87,69.65,69.49,70.16,66.07
545,18,CA,1,73,5329,5,2013,677.69,687.78,10.09,62.71,66.17,67.15,70.25,70.33,69.47,71.87,70.03,71.82,67.98
548,21,KY,1,72,5184,5,2013,951.27,945.50,-5.77,72.83,95.02,98.85,98.11,98.31,98.31,97.50,96.25,95.70,94.62
549,1,MA,1,75,5625,6,2013,579.05,576.86,-2.19,51.43,57.19,58.25,60.21,59.76,58.49,58.30,57.77,58.24,57.22
550,2,OH,1,75,5625,6,2013,640.78,608.28,-32.50,51.07,57.16,59.17,61.81,63.86,63.85,64.03,63.46,63.62,60.25
551,3,MD,1,79,6241,6,2013,793.00,791.27,-1.73,69.31,79.00,80.02,79.45,79.75,80.72,80.87,82.48,81.40,78.27
552,4,NJ,1,77,5929,6,2013,853.00,814.93,-38.07,72.07,83.94,84.13,86.25,86.72,83.77,84.67,84.05,79.59,69.74
553,5,NY,1,75,5625,6,2013,832.12,825.95,-6.17,74.88,82.12,85.43,82.72,85.06,82.79,83.89,82.85,81.59,84.62
554,6,DC,1,76,5776,6,2013,835.82,868.21,32.39,76.65,85.68,88.58,83.95,88.90,88.28,92.33,85.37,94.07,84.40
555,1,CA,1,81,6561,7,2013,546.94,564.31,17.37,51.01,54.60,56.86,57.53,58.62,58.01,58.20,58.90,57.77,52.81
556,2,DC,1,80,6400,7,2013,650.72,642.68,-8.04,52.67,61.44,67.65,66.23,65.21,67.34,66.75,65.51,67.04,62.84
557,3,IL,1,82,6724,7,2013,669.52,654.60,-14.92,59.03,64.60,66.51,66.74,65.31,68.46,67.50,67.60,66.52,62.33
558,4,MD,1,82,6724,7,2013,691.80,692.02,0.22,63.07,67.85,69.66,70.69,71.25,70.42,70.54,70.53,70.98,67.03
559,5,VA,1,81,6561,7,2013,754.07,760.63,6.56,66.53,70.76,75.51,77.05,79.88,76.96,80.75,79.45,78.04,75.70
560,6,CA,1,81,6561,7,2013,849.56,837.33,12.23,73.30,81.36,85.57,85.97,86.63,85.45,84.66,86.45,84.51,83.43
563,2,NY,1,86,7396,8,2013,927.74,1003.41,75.67,87.04,99.39,99.39,95.43,100.76,99.71,104.09,102.92,107.30,107.38
565,1,IL,1,94,8836,9,2013,1201.18,1121.02,-80.16,81.19,109.90,115.49,114.29,117.11,113.28,117.57,118.55,117.44,116.20
